id,captura,n_captura,x,y,hora_aprox_trader,precio_aprox,nota
K01,lote1_05,5,1842,66,09-21 16:35,85950,
K02,lote1_05,5,597,885,09-21 03:00,81450,
K03,lote2_01,6,727,797,09-18 00:45,76550,
K04,lote2_02,7,897,628,09-17 00:15,75920,
K05,lote2_02,7,1111,500,09-17 04:30,76270,
K06,lote2_02,7,521,720,09-16 20:30,75650,
K07,lote2_04,9,1502,520,09-15 04:00,76050,
K08,lote2_05,10,338,649,09-14 06:15,77500,
K09,lote3_01,11,598,614,09-14 00:15,76950,
K10,lote3_01,11,923,471,09-14 06:15,77500,probable duplicado de K08
K11,lote3_03,13,1711,666,09-09 17:10,78600,
K12,lote3_05,15,924,505,09-04 00:30,81300,
K13,lote3_05,15,1584,690,09-04 13:45,80200,
K14,lote4_02,17,1092,389,09-02 07:45,77700,
K15,lote4_02,17,809,590,09-02 04:00,77000,
K16,lote4_03,18,746,619,08-31 15:30,78330,
