nivel,toques,rechazo,rechazo_placebo,importancia,ic_lo,ic_hi,p,rech_1.º toque,rech_2.º,rech_3.º+,rech_Asia,rech_Londres,rech_NY,bh
MNDAY-L,779,0.6162,0.5309,0.0853,0.0524,0.1183,0.0000,0.5708,0.6211,0.6416,0.6156,0.6267,0.6062,true
MNDAY-H,798,0.5977,0.5187,0.0790,0.0440,0.1141,0.0000,0.4565,0.6127,0.6734,0.5736,0.6164,0.6206,true
YO,107,0.5514,0.4924,0.0590,-0.0361,0.1541,0.2614,0.6061,0.5652,0.5098,0.5152,NaN,0.6000,false
H4 200EMA,420,0.5643,0.5277,0.0366,-0.0130,0.0861,0.1719,0.5610,0.5591,0.5686,0.5481,0.5700,0.5749,false
pwVWAP,596,0.5503,0.5193,0.0311,-0.0106,0.0728,0.1672,0.5665,0.5308,0.5495,0.5238,0.5175,0.5645,false
PWH,384,0.5391,0.5082,0.0308,-0.0165,0.0782,0.2678,0.5086,0.5952,0.5326,0.5421,0.4615,0.5929,false
VWAP −2σ,2222,0.5414,0.5143,0.0271,0.0072,0.0471,0.0223,0.4466,0.5500,0.5901,0.5004,0.6535,0.5788,false
VWAP +2σ,2257,0.5423,0.5162,0.0261,0.0059,0.0464,0.0265,0.5483,0.5019,0.5587,0.5417,0.5317,0.5510,false
VWAP +2σ semanal,733,0.5539,0.5293,0.0246,-0.0103,0.0595,0.2202,0.5525,0.5301,0.5661,0.5407,0.5968,0.5390,false
pwVAL,538,0.5539,0.5353,0.0186,-0.0206,0.0578,0.4304,0.5032,0.6240,0.5508,0.5500,0.5077,0.5922,false
H4 100EMA,456,0.5504,0.5346,0.0158,-0.0318,0.0634,0.5279,0.5629,0.5229,0.5561,0.5669,0.4674,0.5873,false
rolling VWAP,2406,0.5295,0.5202,0.0093,-0.0106,0.0292,0.4135,0.5614,0.5200,0.5195,0.5210,0.5037,0.5476,false
yVAL,325,0.5385,0.5298,0.0086,-0.0479,0.0651,0.7763,0.5714,0.5556,0.5097,0.4868,0.5909,0.5479,false
dVAL,3758,0.5274,0.5202,0.0072,-0.0090,0.0234,0.4485,0.6303,0.5426,0.4990,0.5358,0.5032,0.5371,false
pdPOC,1662,0.5307,0.5246,0.0061,-0.0167,0.0288,0.6585,0.5770,0.4802,0.5281,0.5200,0.5367,0.5528,false
H4 21EMA,1364,0.5616,0.5565,0.0051,-0.0220,0.0322,0.7297,0.5175,0.6471,0.5473,0.5319,0.5678,0.5872,false
pwVAH,595,0.5126,0.5100,0.0026,-0.0358,0.0411,0.9068,0.5838,0.5000,0.4752,0.5352,0.4511,0.5354,false
pdVAL,1372,0.5051,0.5046,0.0005,-0.0258,0.0268,0.9749,0.5238,0.4965,0.4986,0.4938,0.4846,0.5236,false
30D rVWAP,411,0.5377,0.5405,-0.0028,-0.0533,0.0477,0.9184,0.5520,0.5402,0.5276,0.5400,0.5417,0.5314,false
dVAH,3900,0.5138,0.5183,-0.0044,-0.0202,0.0113,0.6370,0.5535,0.5017,0.5076,0.5179,0.5144,0.5070,false
pdVAH,1492,0.5121,0.5204,-0.0084,-0.0328,0.0161,0.5601,0.5154,0.4837,0.5214,0.5298,0.5428,0.4749,false
MO,428,0.5117,0.5212,-0.0095,-0.0563,0.0373,0.7192,0.6048,0.5208,0.4519,0.4773,0.4805,0.5419,false
pdVWAP,1653,0.5064,0.5165,-0.0101,-0.0340,0.0138,0.4579,0.5385,0.5000,0.4931,0.4830,0.5203,0.5252,false
wVWAP −1σ,1538,0.5052,0.5195,-0.0143,-0.0390,0.0103,0.3155,0.5056,0.5627,0.4859,0.5018,0.5178,0.5019,false
wVWAP +1σ,1480,0.5155,0.5299,-0.0143,-0.0403,0.0117,0.3215,0.5220,0.5070,0.5158,0.5010,0.5271,0.5320,false
PWL,303,0.5347,0.5507,-0.0160,-0.0710,0.0390,0.6084,0.5444,0.5147,0.5379,0.5571,0.5231,0.5481,false
rVAH,2551,0.5167,0.5331,-0.0165,-0.0353,0.0023,0.1433,0.5065,0.5409,0.5129,0.4863,0.5363,0.5283,false
VWAP semanal,1579,0.5022,0.5198,-0.0175,-0.0431,0.0080,0.2114,0.5000,0.5206,0.4967,0.4818,0.4970,0.5257,false
mVAH,861,0.5029,0.5209,-0.0180,-0.0512,0.0153,0.3428,0.4977,0.5088,0.5032,0.4905,0.5135,0.5110,false
7D rVWAP,867,0.5098,0.5282,-0.0184,-0.0529,0.0162,0.3233,0.5115,0.5389,0.4952,0.5223,0.5191,0.4819,false
WO,923,0.4951,0.5167,-0.0215,-0.0542,0.0111,0.2366,0.5376,0.5052,0.4667,0.4784,0.4629,0.5202,false
PQH,100,0.5000,0.5245,-0.0245,-0.1214,0.0724,0.6487,0.4324,0.4800,0.5789,0.5556,0.4615,0.5294,false
mVAL,699,0.5265,0.5511,-0.0246,-0.0616,0.0123,0.2347,0.5568,0.5068,0.5190,0.4619,0.5520,0.5480,false
rVAL,2392,0.5008,0.5262,-0.0253,-0.0468,-0.0039,0.0279,0.5502,0.4845,0.4880,0.5015,0.5341,0.4769,false
mVWAP,745,0.5114,0.5373,-0.0259,-0.0615,0.0098,0.2009,0.5463,0.4907,0.5013,0.5227,0.4615,0.5352,false
H4 34EMA,1021,0.5201,0.5468,-0.0268,-0.0594,0.0059,0.1155,0.5184,0.5535,0.5069,0.5404,0.4720,0.5355,false
H4 13EMA,1817,0.5493,0.5763,-0.0270,-0.0497,-0.0044,0.0362,0.5762,0.5594,0.5330,0.5506,0.5366,0.5551,false
yVWAP,101,0.5545,0.5912,-0.0367,-0.1323,0.0589,0.4917,0.5714,0.5417,0.5476,0.4828,NaN,0.6222,false
VWAP −2σ semanal,767,0.5046,0.5420,-0.0374,-0.0722,-0.0026,0.0570,0.4487,0.5233,0.5319,0.4724,0.5690,0.5085,false
DO,2846,0.4842,0.5226,-0.0384,-0.0564,-0.0203,0.0004,0.4803,0.4453,0.4974,0.4685,0.4614,0.5251,true
VWAP sesión,4351,0.4907,0.5352,-0.0445,-0.0605,-0.0285,0.0000,0.3980,0.4784,0.5114,0.4546,0.5107,0.5138,true
VWAP +1σ,4060,0.4943,0.5389,-0.0446,-0.0602,-0.0290,0.0000,0.4510,0.5126,0.4998,0.4743,0.4909,0.5202,true
dPOC,5305,0.4858,0.5320,-0.0463,-0.0602,-0.0323,0.0000,0.4567,0.4889,0.4898,0.4792,0.4770,0.5070,true
VWAP −1σ,4046,0.4867,0.5461,-0.0594,-0.0755,-0.0433,0.0000,0.3931,0.4847,0.5070,0.4532,0.4852,0.5355,true
yVAH,184,0.4891,0.5576,-0.0684,-0.1399,0.0030,0.0868,0.4068,0.4762,0.5542,0.4118,0.5135,0.5068,false
PQL,68,0.4559,0.5372,-0.0813,-0.1974,0.0347,0.2241,NaN,NaN,0.4857,NaN,NaN,0.6250,false
