caja,captura,lado,x0,x1,y_tp,y_ent,y_sl,tp,entrada,sl,r_tp,t_entrada,t_fin
1,lote1_02,long,69,213,574,716.5,1036,83795.1,83392.8,82490.7,0.4,1790506421249,1790523970965
2,lote2_02,long,2000,2022,633,644.5,654,75910.2,75877.5,75850.6,1.2,1789689564475,1789691980743
3,lote2_02,short,2000,2024,644,631.0,597,75878.9,75915.8,76012.3,0.4,1789689564475,1789692200403
4,lote2_02,long,1145,1170,484,531.5,578,76333.1,76198.3,76066.3,1.0,1789595659514,1789598405274
5,lote2_04,short,1983,2008,609,588.0,572,75671.9,75764.8,75835.5,1.3,1789578450450,1789580623793
6,lote2_04,long,1963,2004,524,569.5,588,76047.7,75846.5,75764.8,2.5,1789576711776,1789580276058
7,lote3_02,short,1979,2004,780,761.0,747,76790.8,76877.8,76941.8,1.4,1789191032378,1789193996508
8,lote3_02,long,1968,2002,730,746.5,758,77019.7,76944.1,76891.5,1.4,1789189728161,1789193759378
9,lote3_02,long,1974,2004,673,683.0,720,77280.5,77234.8,77065.4,0.3,1789190439552,1789193996508
10,lote3_03,short,1960,1994,740,721.5,698,78464.2,78514.6,78578.6,0.8,1789039218685,1789044014679
11,lote3_03,long,1981,2008,683,697.5,721,78619.4,78580.0,78516.0,0.6,1789042180917,1789045989500
12,lote3_03,short,1989,2008,697,680.0,658,78581.3,78627.6,78687.5,0.8,1789043309386,1789045989500
13,lote3_03,short,1985,2012,567,554.5,541,78935.3,78969.4,79006.1,0.9,1789042745151,1789046553734
14,lote3_05,long,1966,2003,550,572.5,604,81235.4,81066.1,80828.9,0.7,1788570871029,1788575599820
15,lote4_01,short,1975,2008,790,780.0,751,77246.0,77285.9,77401.8,0.3,1788485444866,1788489349754
16,lote4_02,long,1998,2022,447,464.5,480,77645.4,77592.5,77545.6,1.1,1788364101909,1788365088602
17,lote4_03,short,1965,2007,846,803.5,791,77773.6,77885.7,77918.7,3.4,1788308783945,1788315292349
18,lote4_03,long,1963,2001,778,790.5,803,77953.0,77920.0,77887.0,1.0,1788308474021,1788314362577
19,lote4_03,long,1972,1999,752,760.0,768,78021.6,78000.5,77979.4,1.0,1788309868679,1788314052653
20,lote4_03,long,1989,2017,518,531.0,552,78639.0,78604.7,78549.3,0.6,1788312503033,1788316841969
