id,captura,plataforma,lado,entrada,desde,hasta,aprox,exacta,nota,t_entrada,episodios,dif_min,toca,confianza,z_vwap_d,z_vwap_w,sobre_vwap_w,sobre_rvwap,nivel1,dist1_atr,nivel2,dist2_atr,niveles_05atr,ash1_a_favor,ash1_gn,ash1_velas_desde_cruce,xo_a_favor,xo_velas_desde_cruce,precio_vs_xo,ash5_a_favor,ash5_gn,rvol,rvol_max5,ret15_atr,ret60_atr,cvd5,cvd15,grandes5_favor,grandes5_contra,oi15,barrida60,pos_rango_dia,atr14,hora_utc
T01,lote1_02,Variational,long,83462.690,09-28 17:30,09-28 18:50,09-28 18:05,no,,1790611800000,2,5,true,alta,0.288,0.288,true,false,mVAH,-0.156,pwVAL,-0.388,3,true,0.246,3,true,31,arriba,true,0.169,1.578,1.578,0.838,2.639,-0.028,-0.167,1.000,4.000,-0.001,false,0.382,71.090,16.167
T02,lote1_02,Variational,long,83651.940,09-28 18:40,09-28 19:40,09-28 19:10,no,,1790615460000,2,1,true,alta,0.566,0.566,true,true,dVAH,-1.538,rolling VWAP,2.216,0,false,-0.192,11,false,26,arriba,true,0.027,0.404,1.038,-1.772,1.932,-0.156,0.112,3.000,4.000,-0.002,false,0.459,65.986,17.183
T03,lote1_02,Nado,long,83658.000,09-28 17:30,09-28 19:40,09-28 19:10,no,,1790615460000,4,1,true,media,0.578,0.578,true,true,dVAH,-1.447,rolling VWAP,2.308,0,false,-0.192,11,false,26,arriba,true,0.027,0.404,1.038,-1.772,1.932,-0.156,0.112,3.000,4.000,-0.002,false,0.461,65.986,17.183
T04,lote1_02,Nado,long,83030.000,09-29 04:30,09-29 08:30,09-29 06:30,no,,1790657280000,7,18,true,baja,-0.285,-0.766,false,false,dPOC,0.644,VWAP sesión,-2.210,0,false,-0.261,16,false,13,abajo,true,0.036,0.776,1.235,-3.412,-1.399,-0.208,-0.015,0.000,0.000,0.000,false,0.330,24.094,4.800
T05,lote1_02,TxFlow,long,83135.400,09-29 04:30,09-29 08:30,09-29 07:30,no,,1790659920000,7,2,true,baja,0.226,-0.538,false,false,VWAP sesión,1.364,dVAH,-2.519,0,false,-0.160,1,true,31,abajo,true,0.166,0.917,1.033,-1.722,0.059,-0.337,0.032,1.000,2.000,-0.001,false,0.452,30.654,5.533
T06,lote1_02,Variational,long,82915.150,09-29 03:30,09-29 06:30,09-29 05:00,no,,1790650800000,8,0,true,baja,-0.776,-1.022,false,false,rVAL,0.193,wVWAP −1σ,-0.248,2,false,-0.069,9,false,8,abajo,false,-0.072,0.433,0.788,-1.387,-2.097,-0.098,-0.104,0.000,1.000,0.000,false,0.198,40.959,3.000
T07,lote1_03,Nado,long,83970.000,09-26 22:00,09-27 00:30,09-26 22:50,no,,1790455860000,4,1,true,media,-0.451,-0.588,false,false,pdPOC,-0.242,dPOC,-0.444,2,false,-0.318,12,false,11,arriba,false,-0.308,1.393,4.388,-4.674,-2.588,-0.083,-0.128,4.000,5.000,-0.001,true,0.366,36.864,20.850
T08,lote1_03,TxFlow,long,83943.100,09-26 22:00,09-27 00:30,09-26 22:50,no,,1790455860000,4,1,true,media,-0.714,-0.609,false,false,VWAP −1σ,0.795,pdPOC,-0.972,0,false,-0.318,12,false,11,entre,false,-0.308,1.393,4.388,-4.674,-2.588,-0.083,-0.128,4.000,5.000,-0.001,true,0.317,36.864,20.850
T09,lote1_03,Variational,long,84360.010,09-27 18:30,09-27 21:00,09-27 19:40,no,,1790529300000,3,-25,true,media,-1.428,-0.289,false,false,dVAL,0.307,H4 13EMA,-1.150,1,false,-0.247,9,false,31,abajo,false,-0.232,0.122,2.063,-1.485,-5.762,0.025,0.004,7.000,7.000,-0.000,false,0.135,29.436,17.250
T10,lote1_03,lista 25x,long,83275.600,09-28 05:34,09-28 05:35,09-28 05:34,si,orden con hora 05:34:44,1790566440000,1,0,true,alta,-1.370,-1.370,false,false,dVAL,-1.104,MNDAY-L,1.611,0,false,-0.506,12,false,13,abajo,false,-0.492,2.056,3.341,-4.202,-4.875,-0.491,-0.291,5.000,24.000,0.004,true,0.049,55.261,3.567
T11,lote1_03,lista 25x,short,83512.000,09-28 07:00,09-28 07:01,09-28 07:00,si,sell 07:00:52 (short o cierre: ambigua),1790571600000,1,0,true,alta,-0.689,-0.689,false,false,pwVAL,0.925,dPOC,2.674,0,false,-0.104,3,false,31,arriba,false,-0.063,0.830,2.264,0.493,-6.098,-0.288,-0.209,0.000,4.000,-0.000,false,0.181,23.516,5.000
T12,lote1_03,lista 25x,long,83086.500,09-28 07:24,09-28 07:25,09-28 07:24,si,buy 07:24:34 (long o cierre del short: ambigua),1790573040000,1,0,true,alta,-1.356,-1.356,false,false,dVAL,-0.694,MNDAY-L,2.331,0,false,-0.709,22,false,21,abajo,false,-0.442,10.200,10.200,-5.183,-7.451,-0.350,-0.314,8.000,52.000,0.001,true,0.064,55.936,5.400
T13,lote1_03,lista 25x,long,83096.500,09-28 07:27,09-28 07:28,09-28 07:27,si,buy 07:27:20 (ambigua),1790573220000,1,0,true,alta,-1.296,-1.296,false,false,dVAL,-0.486,MNDAY-L,2.369,1,false,-0.644,25,false,24,abajo,false,-0.492,1.303,10.200,-4.357,-6.787,-0.321,-0.288,11.000,62.000,-0.003,true,0.069,59.264,5.450
T14,lote1_03,lista 25x,long,82779.900,09-28 07:39,09-28 07:40,09-28 07:39,si,buy 07:39:33,1790573940000,1,0,true,alta,-1.628,-1.628,false,false,dVAL,-0.797,MNDAY-L,2.110,0,false,-0.705,31,false,31,abajo,false,-0.682,4.040,4.040,-5.591,-11.557,-0.387,-0.295,15.000,59.000,-0.003,true,0.060,67.356,5.650
T15,lote1_03,Variational,long,83045.510,09-28 07:00,09-28 08:00,09-28 07:25,no,,1790573100000,3,0,true,media,-1.423,-1.423,false,false,dVAL,-1.426,MNDAY-L,1.597,0,false,-0.759,23,false,22,abajo,false,-0.450,0.810,10.200,-5.410,-7.865,-0.368,-0.312,7.000,54.000,-0.003,true,0.044,55.984,5.417
T16,lote1_03,Variational,long,82908.090,09-28 07:00,09-28 13:00,09-28 07:40,no,ubicación dudosa (07:40 o mínimo de 11:30),1790574060000,11,1,true,baja,-1.364,-1.364,false,false,dVAL,1.000,VWAP −1σ,-2.681,0,false,-0.394,31,false,31,entre,false,-0.577,0.664,4.040,-1.777,-7.759,-0.220,-0.196,14.000,52.000,-0.000,true,0.115,74.556,5.683
T17,lote1_03,Variational,long,82836.190,09-28 16:00,09-28 18:00,09-28 17:00,no,,1790607360000,2,-4,true,alta,-1.033,-1.033,false,false,VWAP −1σ,-0.119,wVWAP −1σ,-0.119,2,false,-0.228,15,false,29,abajo,false,-0.344,0.565,3.496,-3.837,-6.347,-0.213,-0.224,16.000,39.000,0.001,true,0.128,136.444,14.933
T18,lote1_04,Variational,long,85654.980,09-22 15:00,09-22 23:59,09-22 16:30,no,,1790087580000,3,3,true,media,-0.413,0.508,true,false,rVAL,1.045,VWAP sesión,-1.388,0,false,-0.630,15,false,9,abajo,false,-0.117,1.974,2.415,-4.753,-2.313,-0.238,-0.194,10.000,23.000,-0.001,false,0.367,95.436,14.550
T19,lote1_04,RISE,long,84160.300,09-23 16:00,09-23 23:59,09-23 18:00,no,,1790179080000,13,-2,true,baja,-1.322,-0.653,false,false,H4 21EMA,-2.238,VWAP −1σ,-3.843,0,false,-0.426,30,false,29,entre,false,-0.444,0.506,2.613,-2.788,-4.578,-0.194,-0.049,11.000,40.000,-0.003,true,0.095,80.143,15.967
T20,lote1_04,Variational,long,84212.670,09-23 16:00,09-23 23:59,09-23 18:00,no,,1790179560000,16,6,true,baja,-1.115,-0.604,false,false,H4 21EMA,-0.861,VWAP −1σ,-0.885,0,false,-0.131,31,false,31,arriba,false,-0.465,1.372,5.637,-1.154,-3.378,-0.109,-0.135,56.000,94.000,-0.009,true,0.196,130.338,16.100
T21,lote1_04,Variational,long,83659.560,09-24 09:00,09-24 13:00,09-24 11:30,no,,1790240520000,4,-28,true,media,-1.129,-0.931,false,false,VWAP −1σ,-0.484,dVAL,-1.064,1,true,0.129,2,false,31,arriba,false,-0.331,0.488,0.983,-0.286,-10.359,0.304,-0.128,17.000,8.000,-0.004,false,0.354,86.337,9.033
T22,lote1_04,Variational,long,83723.820,09-24 09:00,09-24 18:00,09-24 11:15,no,,1790240460000,11,-14,true,baja,-0.938,-0.885,false,false,VWAP −1σ,0.230,dVAL,-0.316,2,true,0.108,1,false,31,arriba,false,-0.315,0.974,0.983,-0.089,-9.130,0.362,-0.137,17.000,6.000,-0.004,false,0.398,87.386,9.017
T23,lote1_05,Variational,long,81138.540,09-20 22:30,09-21 03:00,09-21 02:00,no,,1789948800000,9,0,true,baja,NaN,NaN,false,true,pdVAH,-0.259,dVAL,-0.435,5,false,-0.210,7,false,4,abajo,true,0.039,0.525,0.606,-2.378,-0.979,0.028,0.017,1.000,0.000,0.000,false,0.743,38.098,0.000
T24,lote1_05,Variational,long,81789.020,09-21 02:30,09-21 04:30,09-21 03:20,no,flecha,1789953600000,4,0,true,media,1.063,1.063,true,true,VWAP +1σ,0.155,wVWAP +1σ,0.155,4,true,0.186,14,true,12,arriba,true,0.379,1.056,1.056,3.505,0.931,-0.186,-0.014,0.000,5.000,0.003,false,0.932,59.198,1.333
T25,lote1_05,Variational,long,81015.480,09-21 03:30,09-21 06:30,09-21 04:00,no,flecha,1789956000000,1,0,true,alta,-1.692,-1.692,false,true,VWAP −2σ,0.932,rolling VWAP,0.952,0,false,-0.408,31,false,31,abajo,false,-0.438,0.756,1.324,-4.664,-6.101,-0.070,-0.206,14.000,14.000,-0.002,true,0.138,99.826,2.000
T26,lote1_05,Variational,long,81639.220,09-21 09:00,09-21 10:30,09-21 09:58,no,,1789977360000,3,-2,true,media,0.557,0.557,true,true,dPOC,0.622,rVAH,0.811,0,true,0.388,7,true,5,arriba,true,0.072,1.275,1.419,3.527,1.683,0.247,0.203,2.000,1.000,0.000,false,0.625,42.075,7.933
T27,lote1_05,Variational,short,81743.190,09-21 02:00,09-21 04:00,09-21 02:55,no,flecha,1789951920000,5,-3,true,media,0.793,0.793,true,true,dPOC,0.081,VWAP +1σ,-0.368,3,true,0.013,2,false,7,arriba,false,-0.344,1.107,2.093,0.006,-5.434,0.118,-0.219,14.000,7.000,-0.003,false,0.864,85.751,0.867
T28,lote1_05,Variational,short,81580.050,09-21 03:00,09-21 05:00,09-21 03:50,no,flecha,1789954260000,2,-19,true,media,-0.585,-0.585,false,true,VWAP −1σ,0.669,wVWAP −1σ,0.669,0,true,0.206,5,true,3,abajo,false,-0.088,0.807,2.264,1.292,0.892,0.109,-0.127,16.000,20.000,-0.002,false,0.440,107.701,1.517
T29,lote1_05,TxFlow,short,81763.500,09-21 02:30,09-21 04:30,09-21 03:25,no,flecha,1789953840000,5,-1,true,media,0.408,0.408,true,true,dPOC,-0.179,VWAP sesión,0.887,1,false,-0.430,18,false,16,abajo,false,-0.453,2.237,6.484,-2.406,-2.584,-0.443,-0.315,8.000,42.000,0.003,true,0.631,82.322,1.400
T30,lote1_05,Variational,short,81412.220,09-21 04:00,09-21 05:30,09-21 04:40,no,flecha,1789957800000,5,-10,true,media,-0.269,-0.269,false,true,rVAH,0.077,VWAP sesión,-1.365,1,false,-0.138,27,false,19,entre,false,-0.012,0.226,1.255,-0.907,2.809,-0.147,-0.121,1.000,4.000,0.003,false,0.447,58.742,2.500
T31,lote1_05,Variational,short,81391.890,09-21 05:30,09-21 07:30,09-21 06:25,no,flecha,1789965540000,4,14,true,media,-0.262,-0.262,false,true,VWAP sesión,-2.044,VWAP semanal,-2.044,0,false,-0.304,5,false,2,arriba,true,0.068,0.738,2.091,-2.213,3.324,-0.093,0.063,3.000,1.000,-0.000,false,0.431,35.831,4.650
T32,lote1_05,Variational,long,85039.970,09-21 14:00,09-21 16:30,09-21 15:15,no,flecha,1789996380000,6,-2,true,baja,1.196,1.196,true,true,VWAP +1σ,3.125,wVWAP +1σ,3.125,0,false,-0.200,2,false,1,abajo,true,0.172,2.976,2.976,-3.149,0.428,-0.362,-0.083,4.000,13.000,0.001,false,0.907,90.434,13.217
T33,lote1_05,Variational,long,85350.790,09-21 15:30,09-21 17:00,09-21 16:25,no,flecha,1790000460000,4,-4,true,media,1.178,1.178,true,true,dPOC,2.017,VWAP +1σ,2.112,0,true,0.069,6,true,4,arriba,true,0.134,0.487,1.530,2.015,1.452,-0.051,0.023,13.000,14.000,0.004,false,0.905,126.192,14.350
T34,lote1_05,Variational,long,85369.030,09-21 15:00,09-21 17:00,09-21 15:45,no,flecha,1789998360000,5,1,true,media,1.347,1.347,true,true,dVAH,-0.745,MNDAY-H,-0.745,0,true,0.161,3,false,31,arriba,true,0.046,0.962,0.962,1.576,0.496,0.292,0.074,12.000,2.000,-0.000,false,0.978,134.112,13.767
T35,lote2_01,Variational,long,76272.640,09-17 16:00,09-17 18:30,09-17 17:15,no,,1789658100000,2,0,true,alta,-1.066,-0.483,false,true,dVAL,-0.230,VWAP −1σ,-0.236,2,false,-0.229,31,false,31,abajo,false,-0.213,0.551,1.215,-2.165,-8.892,-0.054,0.069,3.000,4.000,0.000,true,0.236,69.805,15.250
T36,lote2_01,Variational,long,76521.970,09-17 23:00,09-18 03:00,09-18 01:30,no,,1789686660000,4,-19,true,media,-0.149,-0.242,false,false,dPOC,0.473,rolling VWAP,-0.778,1,true,0.192,12,true,12,arriba,true,0.124,0.875,1.414,4.593,2.273,-0.110,0.067,0.000,1.000,-0.000,false,0.449,27.455,23.183
T37,lote2_01,Variational,long,76932.350,09-18 03:00,09-18 06:00,09-18 04:30,no,,1789698600000,2,0,true,alta,1.939,0.162,true,true,dVAH,-0.230,7D rVWAP,0.270,3,true,0.522,18,true,18,arriba,true,0.464,0.897,2.811,5.141,10.126,0.327,0.317,6.000,3.000,0.003,false,1.019,33.341,2.500
T38,lote2_01,Variational,long,77437.130,09-18 04:30,09-18 07:00,09-18 05:30,no,,1789702200000,5,0,true,media,1.254,0.655,true,true,VWAP +1σ,1.211,dVAH,-2.048,0,true,0.177,31,true,31,arriba,true,0.548,0.420,0.569,1.325,6.491,-0.130,0.054,6.000,8.000,-0.005,false,0.882,75.827,3.500
T39,lote2_02,Nado,long,75509.000,09-16 19:30,09-16 20:30,09-16 19:55,no,flecha,1789581300000,3,0,true,media,-1.421,-1.297,false,false,pdVAL,0.423,rVAL,0.642,1,false,-0.022,27,false,31,arriba,false,-0.350,1.353,1.353,0.864,-4.476,0.274,-0.089,4.000,3.000,0.002,false,0.187,64.504,17.917
T40,lote2_02,Nado,long,75748.000,09-16 19:30,09-16 21:30,09-16 20:00,no,flecha,1789581600000,8,0,true,baja,-0.167,-1.068,false,false,VWAP sesión,-0.352,dPOC,-0.489,2,true,0.499,5,true,2,arriba,false,-0.076,4.202,4.202,3.532,0.152,0.083,0.072,13.000,14.000,0.001,false,0.434,89.432,18.000
T41,lote2_02,Variational,long,75533.680,09-16 19:30,09-16 20:30,09-16 19:57,no,flecha,1789581420000,2,0,true,alta,-1.290,-1.274,false,false,dVAL,-0.576,pdVAL,0.821,0,true,0.164,2,false,31,arriba,false,-0.228,0.390,1.353,0.855,-3.159,0.306,-0.003,3.000,3.000,0.002,false,0.212,63.306,17.950
T42,lote2_02,Variational,long,75453.720,09-16 19:30,09-16 20:30,09-16 19:50,no,flecha,1789581000000,2,0,true,alta,-1.729,-1.348,false,false,rVAL,-0.196,pdVAL,-0.447,2,false,-0.301,22,false,31,abajo,false,-0.464,2.431,2.431,-4.058,-6.140,-0.094,-0.241,4.000,9.000,0.002,true,0.130,62.668,17.833
T43,lote2_02,Nado,long,75842.000,09-16 19:30,09-16 21:30,09-16 20:10,no,flecha,1789582440000,7,4,true,baja,0.076,-0.962,false,true,rolling VWAP,0.030,VWAP sesión,0.092,4,true,0.107,19,true,16,abajo,true,0.247,0.733,0.984,0.769,1.372,-0.343,-0.004,9.000,32.000,0.005,false,0.440,192.548,18.233
T44,lote2_02,Nado,long,75518.000,09-16 19:30,09-16 20:30,09-16 19:58,no,flecha,1789581360000,3,-2,true,media,-1.373,-1.288,false,false,pdVAL,0.571,rVAL,0.792,0,true,0.061,1,false,31,arriba,false,-0.270,0.583,1.353,-0.082,-4.394,0.272,-0.082,3.000,3.000,0.002,false,0.196,63.561,17.933
T45,lote2_02,Nado,long,75496.000,09-16 21:30,09-16 23:30,09-16 22:30,no,flecha,1789587120000,1,-58,true,baja,-1.210,-1.200,false,false,dVAL,0.067,pdVAL,0.105,4,false,-0.115,16,false,14,entre,false,-0.134,0.583,1.673,-2.331,-2.014,0.015,-0.143,7.000,11.000,-0.006,false,0.298,136.131,19.533
T46,lote2_02,Nado,long,75218.000,09-16 20:00,09-16 21:30,09-16 20:45,no,flecha,1789583820000,2,-8,true,alta,-2.323,-1.486,false,false,VWAP −2σ,-0.421,H4 200EMA,-0.603,1,false,-0.506,12,false,6,abajo,false,-0.162,5.138,5.138,-4.520,-2.230,-0.258,-0.222,16.000,38.000,0.004,true,0.114,192.845,18.617
T47,lote2_02,Variational,short,76043.790,09-16 19:45,09-16 21:30,09-16 20:05,no,flecha,1789581900000,6,0,true,baja,1.401,-0.791,false,true,PWL,0.139,dVAH,0.266,3,false,-0.222,10,false,7,arriba,false,-0.083,1.407,9.222,-2.858,-0.377,-0.012,-0.042,51.000,67.000,0.002,true,0.753,168.892,18.083
T48,lote2_02,Variational,short,76182.520,09-16 20:00,09-16 22:00,09-16 21:00,no,flecha,1789585440000,3,4,true,media,1.498,-0.605,false,true,VWAP +1σ,0.701,VWAP +2σ,-0.706,0,false,-0.284,4,false,2,arriba,false,-0.054,1.375,1.628,-1.324,-1.927,-0.190,-0.018,16.000,22.000,0.002,false,0.751,176.862,19.067
T49,lote2_02,Variational,short,75920.390,09-16 20:00,09-16 22:00,09-16 21:10,no,flecha,1789585800000,7,0,true,baja,0.441,-0.837,false,true,PWL,-0.653,VWAP sesión,0.716,0,false,-0.133,10,false,8,entre,false,-0.052,0.506,0.596,-2.462,1.886,0.124,-0.093,5.000,4.000,0.000,false,0.578,152.924,19.167
T50,lote2_02,Variational,short,76195.070,09-16 19:45,09-16 22:00,09-16 20:10,no,flecha,1789582200000,3,0,true,media,1.593,-0.652,false,true,rVAH,0.035,VWAP +2σ,-0.477,2,false,-0.466,15,false,12,arriba,false,-0.305,0.984,2.786,-3.505,-2.670,-0.097,-0.059,57.000,99.000,0.005,true,0.715,201.165,18.167
T51,lote2_02,Variational,short,75841.620,09-16 20:00,09-16 22:00,09-16 20:40,no,flecha,1789584000000,8,0,true,baja,0.173,-0.925,false,true,VWAP sesión,0.197,dPOC,0.323,4,true,0.060,15,true,9,arriba,false,-0.020,1.637,5.138,0.530,-1.548,0.011,0.061,47.000,55.000,0.006,false,0.526,218.737,18.667
T52,lote2_02,Variational,long,76162.070,09-17 02:30,09-17 04:30,09-17 03:30,no,flecha,1789610820000,2,37,true,baja,-2.068,-0.584,false,true,VWAP −2σ,-0.191,rVAH,-0.520,1,false,-0.374,26,false,16,abajo,false,-0.185,2.168,2.168,-5.938,-2.554,-0.277,-0.251,3.000,4.000,-0.000,false,-0.009,50.353,2.117
T53,lote2_02,Nado,long,76223.000,09-17 03:30,09-17 05:00,09-17 04:10,no,flecha,1789610940000,4,-1,true,media,-1.509,-0.528,false,true,DO,0.585,rVAH,0.695,0,false,-0.416,28,false,18,abajo,false,-0.178,1.375,2.168,-3.747,-1.460,-0.323,-0.192,5.000,5.000,-0.000,true,0.093,48.568,2.150
T54,lote2_02,Variational,long,76111.130,09-17 04:30,09-17 06:00,09-17 05:10,no,flecha,1789612200000,1,-40,true,baja,-1.664,-0.628,false,true,pdVAH,-0.173,VWAP −2σ,1.458,1,true,0.025,3,false,31,abajo,false,-0.313,0.245,0.878,-0.812,-11.003,0.269,0.072,2.000,2.000,0.000,false,0.104,40.527,2.500
T55,lote2_02,Nado,long,76205.000,09-17 13:00,09-17 14:30,09-17 14:00,no,flecha,1789646160000,1,-4,true,alta,-1.508,-0.539,false,true,DO,0.425,VWAP −2σ,3.052,1,true,0.057,2,false,26,abajo,false,-0.254,0.288,0.969,3.262,-4.095,0.476,0.205,3.000,0.000,0.002,false,0.231,24.491,11.933
T56,lote2_02,Variational,long,76429.160,09-17 15:00,09-17 17:00,09-17 15:55,no,flecha,1789653120000,4,-3,true,media,-0.299,-0.330,false,true,H4 13EMA,0.003,dPOC,-0.341,2,true,0.232,4,false,31,arriba,false,-0.216,0.375,1.714,2.352,-5.025,0.369,-0.017,25.000,1.000,0.006,false,0.370,90.467,13.867
T57,lote2_02,Variational,long,76250.450,09-17 15:00,09-17 17:00,09-17 15:50,no,flecha,1789652820000,2,-3,true,alta,-1.044,-0.500,false,true,VWAP −1σ,-0.124,DO,0.653,1,false,-0.196,31,false,31,entre,false,-0.394,0.665,0.778,-2.924,-7.921,-0.044,-0.147,5.000,5.000,0.008,false,0.217,85.529,13.783
T58,lote2_04,Variational,long,76279.860,09-15 13:00,09-15 16:00,09-15 15:00,no,,1789479480000,1,38,true,baja,-2.223,-2.131,false,false,MNDAY-L,-1.102,VWAP −2σ,-1.232,0,false,-0.583,25,false,21,abajo,false,-0.401,3.862,5.496,-5.291,-5.310,-0.268,-0.134,17.000,38.000,-0.001,true,-0.107,81.880,13.633
T59,lote2_04,Nado,long,76281.000,09-15 13:00,09-15 16:00,09-15 15:00,no,,1789479480000,1,38,true,baja,-2.220,-2.129,false,false,MNDAY-L,-1.088,VWAP −2σ,-1.218,0,false,-0.583,25,false,21,abajo,false,-0.401,3.862,5.496,-5.291,-5.310,-0.268,-0.134,17.000,38.000,-0.001,true,-0.107,81.880,13.633
T60,lote2_04,Variational,long,75793.300,09-15 15:30,09-15 18:30,09-15 17:15,no,,1789484460000,3,-14,true,media,-1.719,-2.038,false,false,VWAP −2σ,1.712,PWL,-2.061,0,true,0.052,5,false,31,abajo,false,-0.371,0.701,0.701,0.106,-6.678,-0.109,-0.084,8.000,16.000,0.004,false,0.080,110.160,15.017
T61,lote2_04,Nado,long,75847.000,09-15 15:30,09-15 18:30,09-15 17:15,no,,1789484460000,2,-14,true,alta,-1.639,-1.979,false,false,PWL,-1.573,VWAP −2σ,2.200,0,true,0.052,5,false,31,abajo,false,-0.371,0.701,0.701,0.106,-6.678,-0.109,-0.084,8.000,16.000,0.004,false,0.100,110.160,15.017
T62,lote2_04,Nado,long,75476.000,09-15 20:00,09-16 02:30,09-16 01:30,no,entrada leída del % y el mark,1789511580000,5,-57,true,baja,-1.425,-1.618,false,false,dVAL,-1.908,H4 200EMA,2.196,0,true,0.445,7,true,4,arriba,false,-0.142,0.300,1.757,4.038,-1.729,-0.026,0.016,6.000,11.000,-0.006,false,0.165,75.354,22.550
T63,lote2_04,Variational,long,75430.690,09-16 00:00,09-16 03:00,09-16 01:30,no,,1789511280000,2,-62,true,baja,-1.494,-1.667,false,false,H4 200EMA,1.546,dVAL,-2.423,0,true,0.308,2,false,31,arriba,false,-0.266,0.942,1.037,1.648,-2.626,0.294,-0.115,2.000,2.000,-0.004,false,0.151,78.040,22.467
T64,lote2_04,Nado,long,75507.000,09-16 09:00,09-16 12:00,09-16 10:45,no,entrada leída del % y el mark,1789548300000,2,0,true,alta,-1.502,-1.426,false,false,pdVAL,0.649,VWAP −2σ,2.263,0,true,0.183,10,true,1,abajo,false,-0.347,0.413,0.692,3.180,-6.807,-0.111,0.054,1.000,2.000,0.000,false,0.227,38.931,8.750
T65,lote2_05,Variational,short,79217.090,09-14 21:30,09-15 00:30,09-14 22:45,no,,1789418940000,2,4,true,alta,1.598,1.598,true,true,pwVAH,3.866,VWAP +2σ,-5.827,0,true,0.255,6,true,1,abajo,false,-0.207,0.510,0.825,2.360,-4.140,0.262,-0.015,0.000,0.000,0.001,false,0.884,47.925,20.817
T66,lote3_01,Variational,long,76878.410,09-13 15:00,09-13 18:00,09-13 16:15,no,,1789308420000,2,-8,true,alta,-0.157,-1.376,false,false,VWAP sesión,-2.000,dPOC,4.975,0,true,0.391,31,true,28,arriba,true,0.303,1.924,1.924,2.895,11.204,0.488,0.286,2.000,0.000,0.000,false,0.463,18.930,14.117
T67,lote3_01,Variational,short,77204.600,09-13 20:00,09-14 00:30,09-13 23:00,no,,1789336800000,4,60,true,baja,0.733,-0.997,false,true,wVWAP −1σ,0.196,H4 13EMA,-0.461,2,true,0.513,17,true,17,abajo,true,0.097,4.272,4.272,5.260,2.525,0.576,0.469,1.000,0.000,-0.000,false,0.749,13.784,22.000
T68,lote3_01,Variational,short,76969.690,09-13 23:30,09-14 01:30,09-14 00:15,no,,1789337640000,1,-1,true,alta,-0.213,-1.246,false,false,VWAP sesión,-0.780,rolling VWAP,-0.879,0,true,0.519,31,true,31,abajo,true,0.631,0.507,0.639,5.288,5.679,-0.249,0.188,0.000,1.000,-0.001,false,0.507,66.192,22.233
T69,lote3_01,Variational,short,76673.140,09-14 00:30,09-14 02:30,09-14 01:30,no,,1789342140000,4,-1,true,media,-1.296,-1.546,false,false,VWAP −1σ,-1.767,rVAL,-1.810,0,false,-0.064,5,true,31,abajo,true,0.362,0.256,0.616,-0.019,2.012,-0.164,0.135,1.000,0.000,0.000,false,0.201,41.060,23.483
T70,lote3_01,Variational,long,77856.900,09-14 04:00,09-14 16:30,09-14 10:00,no,ubicación dudosa,1789372800000,20,0,true,baja,1.204,1.204,true,true,dVAH,-1.020,MNDAY-H,-1.020,0,true,0.329,24,true,31,arriba,true,0.326,0.795,1.834,1.288,10.997,0.304,0.078,5.000,2.000,-0.000,false,0.982,27.262,8.000
T71,lote3_01,Variational,short,78046.370,09-14 09:00,09-14 16:30,09-14 12:00,no,ubicación dudosa,1789380060000,5,1,true,media,1.248,1.248,true,true,dVAH,0.207,7D rVWAP,0.899,1,false,-0.150,31,false,31,entre,false,-0.344,0.429,1.298,-3.131,-5.084,0.036,-0.190,6.000,8.000,-0.001,false,0.841,71.791,10.017
T72,lote3_01,Variational,short,78206.600,09-14 13:00,09-14 16:30,09-14 16:00,no,,1789394400000,4,0,true,media,1.281,1.281,true,true,dVAH,-0.231,pwVWAP,0.768,1,true,0.050,3,false,31,arriba,false,-0.266,0.336,0.916,-0.202,-4.186,0.298,0.058,12.000,9.000,-0.000,false,0.863,113.569,14.000
T73,lote3_02,Nado,long,76950.000,09-10 15:00,09-10 20:00,09-10 16:00,no,,1789048320000,10,-8,true,baja,-1.306,-2.344,false,false,VWAP −1σ,-2.015,dVAL,-2.087,0,false,-0.013,1,true,16,abajo,false,-0.148,0.915,1.192,-1.589,-0.804,0.092,-0.015,6.000,4.000,-0.000,false,0.155,87.044,13.867
T74,lote3_02,Variational,long,77027.550,09-10 15:00,09-10 20:00,09-10 19:00,no,,1789058700000,8,-15,true,baja,-1.025,-2.032,false,false,VWAP −1σ,-0.276,dPOC,0.293,2,true,0.167,6,true,4,arriba,false,-0.118,0.527,1.330,2.162,-3.450,-0.082,-0.188,1.000,4.000,0.001,false,0.195,51.889,16.750
T75,lote3_02,Variational,long,76497.510,09-11 14:00,09-11 15:00,09-11 14:25,no,,1789129800000,1,5,true,alta,-1.800,-2.018,false,false,pdVAL,-0.164,VWAP −2σ,0.546,1,true,0.132,13,true,12,abajo,true,0.168,13.358,13.358,1.954,2.734,0.123,0.073,59.000,35.000,-0.001,false,-0.050,88.877,12.500
T76,lote3_02,lista,long,76438.910,09-11 14:00,09-11 15:00,09-11 14:20,no,orden buy sin hora,1789129800000,1,10,true,alta,-2.042,-2.083,false,false,VWAP −2σ,-0.114,pdVAL,-0.824,1,true,0.132,13,true,12,abajo,true,0.168,13.358,13.358,1.954,2.734,0.123,0.073,59.000,35.000,-0.001,false,-0.112,88.877,12.500
T77,lote3_02,Nado,long,76973.000,09-11 13:00,09-11 16:00,09-11 14:35,no,,1789130100000,4,0,true,media,0.255,-1.446,false,false,rolling VWAP,-0.005,VWAP sesión,0.322,2,true,0.045,1,false,5,arriba,true,0.277,1.370,13.365,0.921,1.734,-0.033,-0.005,146.000,191.000,0.007,true,0.649,208.754,12.583
T78,lote3_02,Variational,short,77538.990,09-11 15:30,09-11 20:00,09-11 18:45,no,,1789144380000,7,-12,true,baja,-0.226,-0.859,false,false,pdVWAP,0.375,pwVAL,0.386,3,true,0.108,2,true,31,abajo,true,0.376,0.569,1.087,1.378,10.804,0.099,0.073,8.000,3.000,-0.003,false,0.393,113.595,16.550
T79,lote3_03,Variational,long,77946.640,09-08 15:00,09-08 17:00,09-08 16:00,no,,1788876000000,3,0,true,media,-1.402,-1.720,false,false,VWAP −1σ,-1.653,dVAL,-2.266,0,true,0.148,5,false,31,arriba,false,-0.469,0.423,0.956,1.232,-4.963,0.120,0.014,13.000,7.000,-0.003,false,0.174,97.368,14.000
T80,lote3_03,Variational,long,78265.170,09-08 16:00,09-08 19:00,09-08 17:00,no,,1788878400000,3,-20,true,media,-0.551,-1.123,false,false,rVAL,0.924,wVWAP −1σ,-1.147,0,true,0.148,31,true,31,abajo,true,0.241,0.655,0.923,0.165,7.070,-0.243,0.003,2.000,5.000,-0.000,false,0.344,65.259,14.667
T81,lote3_03,Variational,long,78827.830,09-09 04:00,09-09 09:00,09-09 06:45,no,,1788927780000,6,-22,true,baja,0.943,-0.084,false,true,VWAP +1σ,-0.155,dVAH,-0.641,1,true,0.173,26,true,31,arriba,true,0.256,0.956,0.956,1.237,8.104,0.132,-0.043,1.000,2.000,0.000,false,0.784,37.354,4.383
T82,lote3_03,Variational,long,78914.300,09-09 09:00,09-09 17:00,09-09 12:00,no,ubicación dudosa,1788948000000,11,0,true,baja,-0.641,-0.018,false,true,VWAP semanal,-0.207,H4 13EMA,-0.651,1,false,-0.436,31,false,31,abajo,false,-0.654,0.443,1.031,-2.642,-15.546,0.150,-0.116,12.000,4.000,0.003,true,0.357,48.076,10.000
T83,lote3_04,Variational,short,79236.050,09-07 20:00,09-08 00:00,09-07 22:00,no,,1788811500000,8,5,true,baja,-0.481,-0.481,false,false,dPOC,-5.983,H4 34EMA,-6.424,0,true,0.204,3,false,31,abajo,false,-0.380,0.527,1.298,1.954,-7.181,0.208,0.028,1.000,0.000,-0.002,false,0.327,20.470,20.083
T84,lote3_04,Variational,short,79154.940,09-08 02:30,09-08 05:00,09-08 04:00,no,,1788834840000,3,34,true,baja,-0.706,-0.592,false,false,pdPOC,0.437,7D rVWAP,0.593,1,true,0.338,6,true,5,abajo,true,0.085,0.475,1.999,1.599,3.159,-0.189,-0.109,1.000,7.000,-0.002,false,0.366,41.843,2.567
T85,lote3_05,Variational,long,78967.570,09-03 15:00,09-03 17:30,09-03 16:30,no,,1788445140000,3,-11,true,media,1.930,1.818,true,true,pwVWAP,0.388,VWAP +2σ,-0.425,2,true,0.248,16,true,31,arriba,true,0.445,3.433,3.433,1.357,6.026,0.098,0.052,16.000,15.000,0.002,false,0.927,86.421,14.317
T86,lote3_05,Variational,short,81820.430,09-03 22:00,09-04 01:00,09-03 23:30,no,,1788471000000,2,0,true,alta,1.508,2.605,true,true,PWH,4.315,VWAP +2σ,-10.806,0,false,-0.306,20,false,17,arriba,false,-0.186,1.741,1.741,-2.425,-3.341,-0.366,-0.363,5.000,13.000,-0.002,true,1.006,69.618,21.500
T87,lote3_05,RISE,long,79664.000,09-04 13:00,09-04 16:00,09-04 14:45,no,,1788525900000,5,0,true,media,-1.905,0.564,true,false,H4 13EMA,-0.153,VWAP −2σ,0.274,3,false,-0.372,15,false,15,abajo,false,-0.622,0.470,0.619,-8.844,-8.386,0.091,-0.149,34.000,26.000,-0.013,false,0.139,186.219,12.750
T88,lote3_05,Variational,long,79628.180,09-04 13:00,09-04 16:00,09-04 15:00,no,,1788526500000,5,-5,true,media,-1.613,0.540,true,false,H4 13EMA,-0.480,pdVWAP,-0.627,1,false,-0.111,25,false,25,entre,false,-0.618,0.314,0.585,-1.887,-9.427,0.258,-0.002,27.000,12.000,-0.009,false,0.213,175.703,12.917
T89,lote3_05,Variational,long,79330.640,09-04 14:00,09-04 16:30,09-04 15:30,no,,1788528600000,6,0,true,baja,-1.775,0.347,true,false,H4 21EMA,0.756,MNDAY-H,0.872,0,false,-0.101,3,false,31,abajo,false,-0.515,1.354,1.386,0.833,-21.463,-0.084,-0.018,5.000,9.000,0.000,false,0.081,94.189,13.500
T90,lote3_05,RISE,long,79402.300,09-04 14:00,09-04 16:30,09-04 15:45,no,,1788529500000,10,0,true,baja,-1.489,0.392,true,false,H4 21EMA,1.111,MNDAY-H,1.183,0,true,0.096,5,false,31,arriba,false,-0.409,0.660,0.949,0.717,-2.163,0.082,-0.027,9.000,10.000,0.001,false,0.189,130.058,13.750
T91,lote4_01,Variational,long,77056.450,09-02 18:00,09-02 23:59,09-02 20:00,no,,1788370260000,2,-29,true,media,-0.033,-0.997,false,false,wVWAP −1σ,0.044,VWAP sesión,-0.260,3,true,0.094,2,false,31,abajo,false,-0.195,3.598,3.598,-0.826,-8.853,0.621,-0.014,15.000,1.000,-0.001,false,0.547,44.683,17.517
T92,lote4_01,Variational,long,77195.440,09-03 01:00,09-03 04:00,09-03 02:30,no,,1788394440000,5,-16,true,media,-1.266,-0.770,false,true,VWAP −1σ,-0.514,dVAL,-0.731,0,false,-0.292,7,false,4,abajo,true,0.081,0.969,0.969,-4.403,-0.841,0.081,-0.126,0.000,1.000,0.001,false,0.131,34.586,0.233
T93,lote4_01,Variational,long,77198.600,09-03 06:30,09-03 09:00,09-03 07:30,no,,1788413400000,1,0,true,alta,-1.075,-0.762,false,true,VWAP −1σ,-0.315,rolling VWAP,0.883,1,false,-0.632,21,false,17,abajo,false,-0.456,0.883,2.119,-6.858,-5.997,-0.064,-0.083,7.000,5.000,-0.006,true,0.262,63.034,5.500
T94,lote4_02,Nado,long,76953.000,09-01 20:30,09-01 22:00,09-01 20:50,no,,1788288660000,2,1,true,alta,-1.579,-2.043,false,false,VWAP −2σ,2.421,PWL,2.640,0,true,0.072,1,false,31,arriba,false,-0.380,1.432,1.595,0.127,-4.956,0.340,-0.061,26.000,13.000,-0.003,false,0.200,107.565,18.850
T95,lote4_02,Nado,long,76771.000,09-02 03:30,09-02 04:30,09-02 04:00,no,,1788314100000,1,-5,true,alta,-1.613,-2.043,false,false,VWAP −2σ,1.277,PWL,1.603,0,false,-0.392,29,false,27,abajo,false,-0.574,0.627,2.781,-2.620,-5.931,-0.231,-0.198,5.000,11.000,0.002,true,0.086,63.636,1.917
T96,lote4_02,Variational,long,77073.960,09-02 03:30,09-02 05:00,09-02 04:20,no,,1788315540000,3,-1,true,media,-0.103,-1.516,false,false,VWAP sesión,-0.328,rVAL,-0.579,1,true,0.252,21,true,15,entre,false,-0.021,0.444,0.957,2.526,-3.185,-0.043,-0.005,0.000,2.000,0.001,false,0.463,59.750,2.317
T97,lote4_02,Variational,long,76783.100,09-02 03:30,09-02 05:00,09-02 04:00,no,,1788314100000,1,-5,true,alta,-1.556,-2.023,false,false,VWAP −2σ,1.467,PWL,1.793,0,false,-0.392,29,false,27,abajo,false,-0.574,0.627,2.781,-2.620,-5.931,-0.231,-0.198,5.000,11.000,0.002,true,0.101,63.636,1.917
T98,lote4_02,Variational,short,77469.680,09-02 07:00,09-02 10:30,09-02 09:45,no,,1788335640000,6,9,true,baja,0.344,-0.825,false,false,DO,1.757,rolling VWAP,-2.959,0,true,0.260,10,true,28,abajo,true,0.187,1.082,1.283,2.738,-0.128,0.049,0.031,0.000,1.000,0.000,false,0.707,28.159,7.900
T99,lote4_02,Variational,long,76807.410,09-02 13:00,09-02 16:30,09-02 15:30,no,,1788355800000,7,0,true,baja,-0.506,-1.435,false,false,rVAL,1.378,mVAL,-1.521,0,true,0.296,4,true,4,entre,true,0.081,1.416,2.169,2.833,-2.226,0.137,0.151,2.000,5.000,0.001,false,0.393,49.421,13.500
T100,lote4_02,Nado,long,76750.000,09-02 12:00,09-02 16:30,09-02 13:00,no,posición swing (se ve abierta en 3 capturas),1788347700000,9,15,true,baja,-0.782,-1.640,false,false,PWL,1.250,rVAL,-1.301,0,true,0.260,7,true,16,arriba,true,0.034,1.560,1.560,0.827,1.290,0.252,0.113,10.000,5.000,-0.003,false,0.358,64.790,11.250
T101,lote4_03,Nado,long,77267.000,08-31 01:15,08-31 02:30,08-31 01:45,no,,1788133560000,1,1,true,alta,-2.735,-1.765,false,false,pwVAH,1.030,pdVAL,-1.776,0,false,-0.432,23,false,31,abajo,false,-0.713,0.861,1.448,-3.593,-8.474,-0.011,-0.129,11.000,14.000,-0.002,true,-0.029,127.362,23.767
T102,lote4_03,Variational,long,78081.140,08-31 14:00,08-31 17:00,08-31 16:00,no,,1788185340000,9,9,true,baja,0.128,0.128,true,false,H4 34EMA,0.062,VWAP sesión,0.358,3,true,0.060,1,false,23,arriba,false,-0.075,0.990,0.990,2.320,0.071,0.003,0.162,4.000,4.000,0.001,false,0.499,117.140,14.150
T103,lote4_03,Variational,long,78380.940,08-31 15:00,08-31 18:00,08-31 17:00,no,,1788188100000,5,-5,true,media,0.970,0.970,true,true,VWAP +1σ,-0.098,wVWAP +1σ,-0.098,2,true,0.125,26,true,25,entre,true,0.292,0.714,0.714,2.936,6.044,0.093,0.120,7.000,0.000,-0.002,false,0.710,99.694,14.917
T104,lote4_03,Nado,long,77421.000,09-01 13:00,09-01 16:30,09-01 15:50,no,,1788267960000,1,-44,true,baja,-2.174,-2.019,false,false,MNDAY-L,0.920,VWAP −2σ,-1.330,0,false,-0.349,5,false,4,abajo,false,-0.142,1.493,2.555,-2.201,-2.273,-0.084,-0.150,1.000,3.000,-0.000,false,-0.186,54.648,13.100
T105,lote4_03,Variational,long,77896.540,09-01 10:00,09-01 16:30,09-01 16:15,no,,1788270420000,17,-28,true,baja,-0.850,-0.860,false,false,mVAL,0.219,wVWAP −1σ,0.559,1,true,0.244,3,true,1,arriba,false,-0.032,0.736,3.301,-0.255,-0.695,0.278,0.017,9.000,3.000,-0.001,false,0.279,109.454,13.783
