ronda,resp,z,cruces,d5,ash5_contra,barrida,rvol_max3,tipo
1,dudosa,0.6746621237647009,1,1.091,-0.24280991180817407,false,1.257462929233575,rebote
1,si,-1.4568721971678449,1,0.515,0.04833488730417953,false,0.5661159326944435,continuacion
1,si,-1.4759919788212508,3,0.877,0.1906606477190085,false,1.1255124829321028,continuacion
1,si,-0.58658489307554,2,0.221,0.012607592928879334,false,0.8613857212114495,continuacion
1,si,1.0781946082756881,3,1.076,-0.14465734805633593,true,2.309551875356629,rebote
1,si,0.451398853830257,2,0.291,0.12908195270180606,false,0.7709398809090723,continuacion
1,si,0.5267002153880205,3,0.239,0.09694570609298153,false,0.9376191034758584,continuacion
1,no,1.3612443295173482,1,1.046,-0.20045439774767848,false,0.7013261748224874,rebote
1,si,0.9104416808978322,1,0.867,-0.20631628371005395,true,1.1066671977636566,continuacion
1,dudosa,1.2721574589720825,1,1.664,-0.26228453809735763,false,0.8382842816650424,rebote
1,si,0.7671517846893999,1,1.191,-0.23593826165938717,false,0.4370706456654021,rebote
1,dudosa,-0.9017186055639562,4,1.35,0.23892599610432114,false,2.705785820177022,rebote
1,si,-1.2222559759120404,2,0.577,0.11440039872334717,true,4.332647205178126,continuacion
1,si,0.601754976644917,2,0.417,0.1253829836360618,false,0.8739453626167435,continuacion
1,si,0.3501650944285962,3,0.602,-0.11669257506691563,false,1.2612604738793844,continuacion
1,si,0.34925294402641377,3,1.189,-0.21534254474608663,true,0.8971318358834415,rebote
1,no,1.0024315886864748,5,0.867,-0.18253430316084138,false,0.43266963863009966,continuacion
1,si,-1.3070204734670563,2,0.703,0.13332108574676757,false,0.682221536573326,continuacion
1,si,0.8497900800624333,1,0.052,0.10000878123570163,false,0.8368941513155476,continuacion
1,no,1.3307171138000784,1,1.215,-0.2520475006744573,true,1.5593731647129387,rebote
1,si,-1.3956501233509921,0,1.685,0.40132723700755146,true,7.8499090468422805,rebote
1,si,-1.5261267801461025,0,1.72,0.3559575455776213,false,2.238625740452822,rebote
1,si,-1.421278145877102,0,1.743,0.3915491847031181,true,3.049100254956159,rebote
1,dudosa,-1.186584562167646,1,1.619,0.403055487964386,false,1.402854268236771,rebote
1,no,1.269072009187681,4,1.072,-0.16984804063663936,false,0.78061021690287,rebote
1,dudosa,0.018995781517724266,2,0.849,0.27238092911579026,false,0.7094130922772717,continuacion
1,si,-0.9643113587814989,1,0.565,0.11388042405259739,true,2.2746572702407954,continuacion
1,no,1.2160136711976883,4,1.04,-0.19092628422072178,false,0.8035998385295476,rebote
1,si,0.6377116974687704,1,0.536,-0.05974475795967103,false,0.46336958247828186,continuacion
1,dudosa,-0.7627164145702368,2,0.115,0.009433076041096701,false,0.4759772093811649,continuacion
1,dudosa,0.023461673582621814,2,0.045,0.0683264719673434,false,0.4717823526037373,continuacion
1,si,0.31641666761685694,5,0.215,0.08466143181036848,false,1.8255773919307625,continuacion
1,dudosa,0.7996808239126953,3,0.134,0.060808128525008644,true,2.6906561923667422,continuacion
1,si,0.6987510792704636,3,0.487,-0.10722680486006764,true,0.43617729956146295,continuacion
1,si,-0.8970938370145004,2,1.466,0.36002004672885857,false,1.5503388013269488,rebote
1,si,-0.5327485029475453,0,0.486,0.17682724028170616,false,1.1305580674454736,continuacion
1,si,-1.2132815074808727,2,1.707,0.2760367255661055,true,3.1944687711548188,rebote
1,no,0.4989056610089228,5,0.137,-0.00854860014942185,false,1.8901334738978333,continuacion
1,si,-1.148964598702555,1,1.18,0.31788740496705076,false,1.5664396797644187,rebote
1,no,-0.19445831430450283,4,1.251,0.3174909360221925,false,0.9974820279746948,rebote
2,si,1.543883755784478,3,1.449,-0.1829347476485195,false,0.6004469904389619,rebote
2,si,0.9583163835757267,1,1.113,-0.20068027741980213,false,0.5471006994394941,rebote
2,dudosa,-0.026340996170526983,1,0.385,-0.07319609034607508,false,0.6809869268261246,continuacion
2,dudosa,-0.19593079886652692,3,0.359,0.07077969622768161,false,0.8988722967257613,continuacion
2,no,1.2811767737958513,3,0.905,-0.11600441532298275,false,1.5019190937029239,continuacion
2,si,0.9549233362094159,2,1.043,-0.11993268037118185,false,0.7492915876718921,rebote
2,si,0.6643979482585227,2,1.171,-0.23650371586361046,false,1.4528193027486467,rebote
2,dudosa,-1.1648178616573586,2,0.798,0.23569272694825577,false,0.7608042806510943,continuacion
2,no,0.8320565869374831,3,1.795,-0.25164234776886246,true,2.5526728666223217,rebote
2,no,0.04384641867472994,3,0.617,-0.16168935444032223,false,0.46568446068569386,continuacion
2,no,-1.0163564755394305,5,0.08,-0.03330720385713542,false,0.6310733370687085,continuacion
2,si,0.13162248753131248,3,0.176,0.03694752061297506,false,1.6500683868643875,continuacion
2,si,-1.3482532309899196,0,1.885,0.41792311716249836,false,1.5202684314663042,rebote
2,si,1.4947074544684924,3,1.822,-0.32481835099290013,false,0.7746536473290406,rebote
2,no,-1.0461671744700687,3,0.494,0.13225384247454244,false,1.332631270132258,continuacion
2,dudosa,-0.08688296739416308,2,0.832,0.24411097767843365,false,0.65954361705729,continuacion
2,si,-1.5389073936908797,2,0.948,0.2006994561966103,false,1.3078011569421477,continuacion
2,dudosa,-0.9948398047594473,3,0.34,-0.04734484714750111,false,1.2332367747305881,continuacion
2,dudosa,1.2973504155819766,1,0.684,-0.09280700545737715,false,0.6320803115995645,continuacion
2,si,1.057781600874753,1,0.129,0.032664000748806286,false,1.4557634280797662,continuacion
2,si,0.4514404651750518,2,1.536,-0.2998867335180831,false,0.8936452363362906,rebote
2,si,-1.3696371503931855,4,1.502,0.31521930396313164,false,1.3950842135959558,rebote
2,si,-1.2809971747757223,5,0.642,0.09557134841831295,false,0.9554406710311472,continuacion
2,dudosa,-0.8903773114003021,1,1.16,0.32153820814896883,false,1.2373386477425152,rebote
2,dudosa,0.4938934965383291,6,0.498,-0.02032741167495381,true,1.1197505161048042,continuacion
2,si,-1.5556154991405229,6,1.495,0.25499450530443285,false,1.0320787250440973,rebote
2,si,-1.2501108293889152,0,1.262,0.2761827914401681,false,1.2770738769894152,rebote
2,dudosa,-1.6284467650566758,2,1.019,0.1950250509993312,false,0.3914495472621614,rebote
2,si,0.008725341234014907,1,0.312,-0.09632228998364817,false,0.776105999933243,continuacion
2,si,0.8307831287177903,3,1.027,-0.08264974464825987,true,1.5712986630030308,rebote
