caso,lado,resp,barrida,cruces_ash,cruces_xo,z_vwap,rvol,xg,gn
c01,l,si,false,1,1,0.64,0.31,0.6059,0.0656
c02,s,no,false,4,1,1.27,0.66,0.0192,0.1307
c03,l,si,false,2,3,-1.31,0.68,0.3613,0.0256
c04,l,no,false,4,2,1.22,0.8,0.0339,0.015
c05,s,si,true,3,1,0.7,0.44,0.0243,0.1037
c06,l,no,false,1,1,1.36,0.7,0.0706,0.114
c07,s,si,false,5,2,0.32,0.55,0.4378,0.0215
c08,s,si,true,3,3,1.08,2.31,0.2961,0.0129
c09,l,si,false,3,1,0.35,1.26,0.1398,0.064
c10,s,si,false,2,1,0.45,0.53,0.7408,0.0019
c11,s,si,false,2,0,0.6,0.87,0.2454,0.0619
c12,l,si,false,1,1,0.77,0.43,0.359,0.0132
c13,l,dudosa,false,4,0,-0.9,0.72,0.2726,0.0545
c14,s,dudosa,false,1,1,0.67,0.74,0.1625,0.0101
c15,l,si,true,3,1,0.35,0.55,0.109,0.0431
c16,s,si,false,1,1,-1.15,0.91,0.7592,0.0238
c17,s,dudosa,true,3,1,0.8,0.93,0.5661,0.1452
c18,l,si,false,2,2,-0.59,0.86,0.2332,0.0753
c19,l,dudosa,false,1,0,-1.19,1.4,0.769,0.1155
c20,s,dudosa,false,2,0,0.02,0.71,0.8218,0.0917
c21,l,si,false,3,1,-1.48,0.73,0.2765,0.0161
c22,l,si,true,0,0,-1.42,1.32,0.6188,0.0264
c23,l,si,true,2,4,-1.22,1.45,0.6133,0.1164
c24,s,si,false,0,0,-1.53,2.24,0.9614,0.0873
c25,l,si,false,1,2,-1.46,0.57,0.0052,0.0975
c26,l,si,false,0,0,-0.53,1.13,0.3764,0.0332
c27,l,si,true,1,1,0.91,1.11,0.4057,0.1178
c28,l,si,false,3,1,0.53,0.94,0.8725,0.0101
c29,s,dudosa,false,2,2,-0.76,0.4,0.3766,0.0535
c30,l,si,false,1,1,0.85,0.72,0.9645,0.0195
c31,s,no,false,4,0,-0.19,1.0,0.5224,0.0939
c32,l,si,true,0,0,-1.4,7.85,0.9279,0.08
c33,l,no,true,1,1,1.33,1.56,0.4747,0.1314
c34,l,no,false,5,3,1.0,0.3,0.1317,0.0109
c35,s,si,false,2,0,-0.9,1.55,0.6541,0.0523
c36,s,dudosa,false,1,1,1.27,0.84,0.0199,0.038
c37,l,no,false,5,3,0.5,1.55,0.0824,0.0118
c38,s,si,true,2,0,-1.21,2.4,0.5847,0.0656
c39,s,dudosa,false,2,2,0.02,0.47,0.088,0.0181
c40,s,si,true,1,1,-0.96,0.55,0.6399,0.0497
